{
    "playerPosition": {
        "x": -5.269999980926514,
        "y": -0.3969182074069977
    },
    "sceneName": "Scene1"
}